domain,rank_by_NDCG@10,method,kind,status_label,artifact_class,HR@5,HR@10,HR@20,NDCG@5,NDCG@10,NDCG@20,MRR,sample_count,avg_candidates,score_coverage_rate,ranking_events,total_candidates,matched_candidates,scores_csv_lines,predictions_jsonl_lines,predictions_jsonl_line_source,ranking_eval_records_csv_lines,summary_path,eval_path,scores_path,evidence_path,official_light_package_ok,ccrp_local_event_restat_ready
sports,1,ccrp_v3_qwen3base_pointwise,internal_method,same_schema_internal_method,completed_result,0.2745,0.3819,0.5172,0.19845140673482808,0.23286197589860086,0.2670062993241999,0.20756582350031022,10000,101.0,1.0,10000,1010000,1010000,1010001,10000,,10001,/home/ajifang/projects/pony-rec-rescue-shadow-v6/outputs/sports_large10000_100neg_ccrp_v3_qwen3base_pointwise_same_candidate/tables/same_candidate_external_baseline_summary.csv,/home/ajifang/projects/pony-rec-rescue-shadow-v6/outputs/sports_large10000_100neg_ccrp_v3_qwen3base_pointwise_same_candidate/tables/ranking_eval_records.csv,/home/ajifang/projects/pony-rec-rescue-shadow-v6/outputs/sports_large10000_100neg_ccrp_v3/scores.csv,,,False
sports,2,llmemb,official_baseline,same_schema_external_baseline,completed_result,0.2124,0.3384,0.49,0.13885272155602335,0.17950042152579318,0.21768683586414428,0.15388313355762076,10000,101.0,1.0,10000,1010000,1010000,1010001,10000,,10001,/home/ajifang/projects/pony-rec-rescue-shadow-v6/outputs/sports_large10000_100neg_llmemb_official_qwen3base_same_candidate/tables/same_candidate_external_baseline_summary.csv,/home/ajifang/projects/pony-rec-rescue-shadow-v6/outputs/sports_large10000_100neg_llmemb_official_qwen3base_same_candidate/tables/ranking_eval_records.csv,/home/ajifang/projects/pony-rec-rescue-shadow-v6/outputs/sports_large10000_100neg_llmemb_official_qwen3base_same_candidate/scores.csv,outputs/baselines/official_adapters/sports_large10000_100neg_llmemb_official_qwen3base_same_candidate,True,
sports,3,irllrec_intent,official_baseline,same_schema_external_baseline,completed_result,0.1573,0.2215,0.4016,0.10642150916142634,0.12691703149297534,0.17128490034441315,0.12444202662842994,10000,101.0,1.0,10000,1010000,1010000,1010001,10000,,10001,/home/ajifang/projects/pony-rec-rescue-shadow-v6/outputs/sports_large10000_100neg_irllrec_intent_official_qwen3base_same_candidate/tables/same_candidate_external_baseline_summary.csv,/home/ajifang/projects/pony-rec-rescue-shadow-v6/outputs/sports_large10000_100neg_irllrec_intent_official_qwen3base_same_candidate/tables/ranking_eval_records.csv,/home/ajifang/projects/pony-rec-rescue-shadow-v6/outputs/sports_large10000_100neg_irllrec_intent_official_qwen3base_same_candidate/scores.csv,outputs/baselines/official_adapters/sports_large10000_100neg_irllrec_intent_official_qwen3base_same_candidate,True,
sports,4,rlmrec_graphcl,official_baseline,same_schema_external_baseline,completed_result,0.1212,0.1879,0.3009,0.078580389191345,0.10001773336299705,0.12818232277286493,0.09720456858848743,10000,101.0,1.0,10000,1010000,1010000,1010001,10000,,10001,/home/ajifang/projects/pony-rec-rescue-shadow-v6/outputs/sports_large10000_100neg_rlmrec_graphcl_official_qwen3base_same_candidate/tables/same_candidate_external_baseline_summary.csv,/home/ajifang/projects/pony-rec-rescue-shadow-v6/outputs/sports_large10000_100neg_rlmrec_graphcl_official_qwen3base_same_candidate/tables/ranking_eval_records.csv,/home/ajifang/projects/pony-rec-rescue-shadow-v6/outputs/sports_large10000_100neg_rlmrec_graphcl_official_qwen3base_same_candidate/scores.csv,outputs/baselines/official_adapters/sports_large10000_100neg_rlmrec_graphcl_official_qwen3base_same_candidate,True,
sports,5,llm2rec_sasrec,official_baseline,same_schema_external_baseline,completed_result,0.1105,0.206,0.3657,0.06514778914391295,0.09566791850988236,0.13561659669926907,0.08828933028385053,10000,101.0,1.0,10000,1010000,1010000,1010001,10000,,10001,/home/ajifang/projects/pony-rec-rescue-shadow-v6/outputs/sports_large10000_100neg_llm2rec_sasrec_official_qwen3base_same_candidate/tables/same_candidate_external_baseline_summary.csv,/home/ajifang/projects/pony-rec-rescue-shadow-v6/outputs/sports_large10000_100neg_llm2rec_sasrec_official_qwen3base_same_candidate/tables/ranking_eval_records.csv,/home/ajifang/projects/pony-rec-rescue-shadow-v6/outputs/sports_large10000_100neg_llm2rec_sasrec_official_qwen3base_same_candidate/scores.csv,outputs/baselines/official_adapters/sports_large10000_100neg_llm2rec_sasrec_official_qwen3base_same_candidate,True,
sports,6,llmesr_sasrec,official_baseline,same_schema_external_baseline,completed_result,0.0916,0.1564,0.265,0.054919833257876506,0.0758115528438973,0.10310478593304104,0.0751149958885503,10000,101.0,1.0,10000,1010000,1010000,1010001,10000,,10001,/home/ajifang/projects/pony-rec-rescue-shadow-v6/outputs/sports_large10000_100neg_llmesr_sasrec_official_qwen3base_same_candidate/tables/same_candidate_external_baseline_summary.csv,/home/ajifang/projects/pony-rec-rescue-shadow-v6/outputs/sports_large10000_100neg_llmesr_sasrec_official_qwen3base_same_candidate/tables/ranking_eval_records.csv,/home/ajifang/projects/pony-rec-rescue-shadow-v6/outputs/sports_large10000_100neg_llmesr_sasrec_official_qwen3base_same_candidate/scores.csv,outputs/baselines/official_adapters/sports_large10000_100neg_llmesr_sasrec_official_qwen3base_same_candidate,True,
sports,7,proex_profile,official_baseline,same_schema_external_baseline,completed_result,0.0821,0.1527,0.2777,0.051682655562088085,0.07417226634971949,0.10540647147617481,0.07426897148543393,10000,101.0,1.0,10000,1010000,1010000,1010001,10000,,10001,/home/ajifang/projects/pony-rec-rescue-shadow-v6/outputs/sports_large10000_100neg_proex_profile_official_qwen3base_same_candidate/tables/same_candidate_external_baseline_summary.csv,/home/ajifang/projects/pony-rec-rescue-shadow-v6/outputs/sports_large10000_100neg_proex_profile_official_qwen3base_same_candidate/tables/ranking_eval_records.csv,/home/ajifang/projects/pony-rec-rescue-shadow-v6/outputs/sports_large10000_100neg_proex_profile_official_qwen3base_same_candidate/scores.csv,outputs/baselines/official_adapters/sports_large10000_100neg_proex_profile_official_qwen3base_same_candidate,True,
sports,8,promax_profile,official_baseline,same_schema_external_baseline,completed_result,0.0825,0.1387,0.237,0.05418479544848338,0.07215334114813154,0.09675935910495721,0.07410527472370795,10000,101.0,1.0,10000,1010000,1010000,1010001,10000,,10001,/home/ajifang/projects/pony-rec-rescue-shadow-v6/outputs/sports_large10000_100neg_promax_profile_official_qwen3base_same_candidate/tables/same_candidate_external_baseline_summary.csv,/home/ajifang/projects/pony-rec-rescue-shadow-v6/outputs/sports_large10000_100neg_promax_profile_official_qwen3base_same_candidate/tables/ranking_eval_records.csv,/home/ajifang/projects/pony-rec-rescue-shadow-v6/outputs/sports_large10000_100neg_promax_profile_official_qwen3base_same_candidate/scores.csv,outputs/baselines/official_adapters/sports_large10000_100neg_promax_profile_official_qwen3base_same_candidate,True,
sports,9,elmrec_graph,official_baseline,same_schema_external_baseline,completed_result,0.0532,0.1054,0.2013,0.0317045492853883,0.048371635820857316,0.07235047327652501,0.05370098509340962,10000,101.0,1.0,10000,1010000,1010000,1010001,10000,,10001,/home/ajifang/projects/pony-rec-rescue-shadow-v6/outputs/sports_large10000_100neg_elmrec_graph_official_qwen3base_same_candidate/tables/same_candidate_external_baseline_summary.csv,/home/ajifang/projects/pony-rec-rescue-shadow-v6/outputs/sports_large10000_100neg_elmrec_graph_official_qwen3base_same_candidate/tables/ranking_eval_records.csv,/home/ajifang/projects/pony-rec-rescue-shadow-v6/outputs/sports_large10000_100neg_elmrec_graph_official_qwen3base_same_candidate/scores.csv,outputs/baselines/official_adapters/sports_large10000_100neg_elmrec_graph_official_qwen3base_same_candidate,True,
toys,1,ccrp_v3_qwen3base_pointwise,internal_method,same_schema_internal_method,completed_result,0.3172,0.3964,0.5059,0.2451904009717959,0.27079859856897753,0.298341205798594,0.2503049488607351,10000,101.0,1.0,10000,1010000,1010000,1010001,10000,,10001,/home/ajifang/projects/pony-rec-rescue-shadow-v6/outputs/toys_large10000_100neg_ccrp_v3_qwen3base_pointwise_same_candidate/tables/same_candidate_external_baseline_summary.csv,/home/ajifang/projects/pony-rec-rescue-shadow-v6/outputs/toys_large10000_100neg_ccrp_v3_qwen3base_pointwise_same_candidate/tables/ranking_eval_records.csv,/home/ajifang/projects/pony-rec-rescue-shadow-v6/outputs/toys_large10000_100neg_ccrp_v3/scores.csv,,,False
toys,2,llmemb,official_baseline,same_schema_external_baseline,completed_result,0.2499,0.3505,0.4866,0.17252113274887534,0.20485045979333913,0.23905481091819092,0.1813804118284203,10000,101.0,1.0,10000,1010000,1010000,1010001,10000,,10001,/home/ajifang/projects/pony-rec-rescue-shadow-v6/outputs/toys_large10000_100neg_llmemb_official_qwen3base_same_candidate/tables/same_candidate_external_baseline_summary.csv,/home/ajifang/projects/pony-rec-rescue-shadow-v6/outputs/toys_large10000_100neg_llmemb_official_qwen3base_same_candidate/tables/ranking_eval_records.csv,/home/ajifang/projects/pony-rec-rescue-shadow-v6/outputs/toys_large10000_100neg_llmemb_official_qwen3base_same_candidate/scores.csv,outputs/baselines/official_adapters/toys_large10000_100neg_llmemb_official_qwen3base_same_candidate,True,
toys,3,llm2rec_sasrec,official_baseline,same_schema_external_baseline,completed_result,0.2202,0.3172,0.4652,0.14756918078181372,0.17887285724512209,0.2160926282622066,0.15921596430464027,10000,101.0,1.0,10000,1010000,1010000,1010001,10000,,10001,/home/ajifang/projects/pony-rec-rescue-shadow-v6/outputs/toys_large10000_100neg_llm2rec_sasrec_official_qwen3base_same_candidate/tables/same_candidate_external_baseline_summary.csv,/home/ajifang/projects/pony-rec-rescue-shadow-v6/outputs/toys_large10000_100neg_llm2rec_sasrec_official_qwen3base_same_candidate/tables/ranking_eval_records.csv,/home/ajifang/projects/pony-rec-rescue-shadow-v6/outputs/toys_large10000_100neg_llm2rec_sasrec_official_qwen3base_same_candidate/scores.csv,outputs/baselines/official_adapters/toys_large10000_100neg_llm2rec_sasrec_official_qwen3base_same_candidate,True,
toys,4,irllrec_intent,official_baseline,same_schema_external_baseline,completed_result,0.1565,0.2293,0.4098,0.11049209461545026,0.13380144693674725,0.17858514717923157,0.1311986744710446,10000,101.0,1.0,10000,1010000,1010000,1010001,10000,,10001,/home/ajifang/projects/pony-rec-rescue-shadow-v6/outputs/toys_large10000_100neg_irllrec_intent_official_qwen3base_same_candidate/tables/same_candidate_external_baseline_summary.csv,/home/ajifang/projects/pony-rec-rescue-shadow-v6/outputs/toys_large10000_100neg_irllrec_intent_official_qwen3base_same_candidate/tables/ranking_eval_records.csv,/home/ajifang/projects/pony-rec-rescue-shadow-v6/outputs/toys_large10000_100neg_irllrec_intent_official_qwen3base_same_candidate/scores.csv,outputs/baselines/official_adapters/toys_large10000_100neg_irllrec_intent_official_qwen3base_same_candidate,True,
toys,5,rlmrec_graphcl,official_baseline,same_schema_external_baseline,completed_result,0.1281,0.1885,0.305,0.08716027936492049,0.10650871155525234,0.1353997243006345,0.1058452782968119,10000,101.0,1.0,10000,1010000,1010000,1010001,10000,,10001,/home/ajifang/projects/pony-rec-rescue-shadow-v6/outputs/toys_large10000_100neg_rlmrec_graphcl_official_qwen3base_same_candidate/tables/same_candidate_external_baseline_summary.csv,/home/ajifang/projects/pony-rec-rescue-shadow-v6/outputs/toys_large10000_100neg_rlmrec_graphcl_official_qwen3base_same_candidate/tables/ranking_eval_records.csv,/home/ajifang/projects/pony-rec-rescue-shadow-v6/outputs/toys_large10000_100neg_rlmrec_graphcl_official_qwen3base_same_candidate/scores.csv,outputs/baselines/official_adapters/toys_large10000_100neg_rlmrec_graphcl_official_qwen3base_same_candidate,True,
toys,6,proex_profile,official_baseline,same_schema_external_baseline,completed_result,0.0895,0.1615,0.3017,0.05814121436501742,0.0810170703641553,0.11607709818340409,0.08121671352544661,10000,101.0,1.0,10000,1010000,1010000,1010001,10000,,10001,/home/ajifang/projects/pony-rec-rescue-shadow-v6/outputs/toys_large10000_100neg_proex_profile_official_qwen3base_same_candidate/tables/same_candidate_external_baseline_summary.csv,/home/ajifang/projects/pony-rec-rescue-shadow-v6/outputs/toys_large10000_100neg_proex_profile_official_qwen3base_same_candidate/tables/ranking_eval_records.csv,/home/ajifang/projects/pony-rec-rescue-shadow-v6/outputs/toys_large10000_100neg_proex_profile_official_qwen3base_same_candidate/scores.csv,outputs/baselines/official_adapters/toys_large10000_100neg_proex_profile_official_qwen3base_same_candidate,True,
toys,7,promax_profile,official_baseline,same_schema_external_baseline,completed_result,0.092,0.1435,0.2416,0.06289618254810066,0.07937554863319266,0.10387644003990415,0.08184625622431366,10000,101.0,1.0,10000,1010000,1010000,1010001,10000,,10001,/home/ajifang/projects/pony-rec-rescue-shadow-v6/outputs/toys_large10000_100neg_promax_profile_official_qwen3base_same_candidate/tables/same_candidate_external_baseline_summary.csv,/home/ajifang/projects/pony-rec-rescue-shadow-v6/outputs/toys_large10000_100neg_promax_profile_official_qwen3base_same_candidate/tables/ranking_eval_records.csv,/home/ajifang/projects/pony-rec-rescue-shadow-v6/outputs/toys_large10000_100neg_promax_profile_official_qwen3base_same_candidate/scores.csv,outputs/baselines/official_adapters/toys_large10000_100neg_promax_profile_official_qwen3base_same_candidate,True,
toys,8,llmesr_sasrec,official_baseline,same_schema_external_baseline,completed_result,0.0637,0.1172,0.2203,0.037504900117522603,0.05456849726033091,0.08036871527121746,0.05844977379835533,10000,101.0,1.0,10000,1010000,1010000,1010001,10000,,10001,/home/ajifang/projects/pony-rec-rescue-shadow-v6/outputs/toys_large10000_100neg_llmesr_sasrec_official_qwen3base_same_candidate/tables/same_candidate_external_baseline_summary.csv,/home/ajifang/projects/pony-rec-rescue-shadow-v6/outputs/toys_large10000_100neg_llmesr_sasrec_official_qwen3base_same_candidate/tables/ranking_eval_records.csv,/home/ajifang/projects/pony-rec-rescue-shadow-v6/outputs/toys_large10000_100neg_llmesr_sasrec_official_qwen3base_same_candidate/scores.csv,outputs/baselines/official_adapters/toys_large10000_100neg_llmesr_sasrec_official_qwen3base_same_candidate,True,
toys,9,elmrec_graph,official_baseline,same_schema_external_baseline,completed_result,0.0545,0.1043,0.2013,0.03259298673054039,0.04856005753116526,0.072780391578795,0.05431081812612059,10000,101.0,1.0,10000,1010000,1010000,1010001,10000,,10001,/home/ajifang/projects/pony-rec-rescue-shadow-v6/outputs/toys_large10000_100neg_elmrec_graph_official_qwen3base_same_candidate/tables/same_candidate_external_baseline_summary.csv,/home/ajifang/projects/pony-rec-rescue-shadow-v6/outputs/toys_large10000_100neg_elmrec_graph_official_qwen3base_same_candidate/tables/ranking_eval_records.csv,/home/ajifang/projects/pony-rec-rescue-shadow-v6/outputs/toys_large10000_100neg_elmrec_graph_official_qwen3base_same_candidate/scores.csv,outputs/baselines/official_adapters/toys_large10000_100neg_elmrec_graph_official_qwen3base_same_candidate,True,
home,1,ccrp_v3_qwen3base_pointwise,internal_method,same_schema_internal_method,completed_result,0.1561,0.2264,0.3505,0.10978017620744406,0.13239420796539653,0.16351113583680343,0.1259477884601691,10000,101.0,1.0,10000,1010000,1010000,1010001,10000,file,10001,/home/ajifang/projects/pony-rec-rescue-shadow-v6/outputs/home_large10000_100neg_ccrp_v3_qwen3base_pointwise_same_candidate/tables/same_candidate_external_baseline_summary.csv,/home/ajifang/projects/pony-rec-rescue-shadow-v6/outputs/home_large10000_100neg_ccrp_v3_qwen3base_pointwise_same_candidate/tables/ranking_eval_records.csv,/home/ajifang/projects/pony-rec-rescue-shadow-v6/outputs/home_large10000_100neg_ccrp_v3/scores.csv,,,True
home,2,llmemb,official_baseline,same_schema_external_baseline,completed_result,0.1079,0.1856,0.3169,0.06899578967097944,0.09390612986107003,0.12674255822842873,0.09012268660291178,10000,101.0,1.0,10000,1010000,1010000,1010001,10000,server_final_evidence_audit,10001,/home/ajifang/projects/pony-rec-rescue-shadow-v6/outputs/home_large10000_100neg_llmemb_official_qwen3base_same_candidate/tables/same_candidate_external_baseline_summary.csv,/home/ajifang/projects/pony-rec-rescue-shadow-v6/outputs/home_large10000_100neg_llmemb_official_qwen3base_same_candidate/tables/ranking_eval_records.csv,/home/ajifang/projects/pony-rec-rescue-shadow-v6/outputs/home_large10000_100neg_llmemb_official_qwen3base_same_candidate/scores.csv,outputs/baselines/official_adapters/home_large10000_100neg_llmemb_official_qwen3base_same_candidate,True,
home,3,irllrec_intent,official_baseline,same_schema_external_baseline,completed_result,0.0821,0.1443,0.2878,0.05108975290090002,0.07089752436733526,0.10662011242627112,0.07424325424843974,10000,101.0,1.0,10000,1010000,1010000,1010001,10000,server_final_evidence_audit,10001,/home/ajifang/projects/pony-rec-rescue-shadow-v6/outputs/home_large10000_100neg_irllrec_intent_official_qwen3base_same_candidate/tables/same_candidate_external_baseline_summary.csv,/home/ajifang/projects/pony-rec-rescue-shadow-v6/outputs/home_large10000_100neg_irllrec_intent_official_qwen3base_same_candidate/tables/ranking_eval_records.csv,/home/ajifang/projects/pony-rec-rescue-shadow-v6/outputs/home_large10000_100neg_irllrec_intent_official_qwen3base_same_candidate/scores.csv,outputs/baselines/official_adapters/home_large10000_100neg_irllrec_intent_official_qwen3base_same_candidate,True,
home,4,rlmrec_graphcl,official_baseline,same_schema_external_baseline,completed_result,0.0685,0.1268,0.2451,0.0412679545609819,0.05986997478531868,0.08932211717259726,0.06397404670906749,10000,101.0,1.0,10000,1010000,1010000,1010001,10000,server_final_evidence_audit,10001,/home/ajifang/projects/pony-rec-rescue-shadow-v6/outputs/home_large10000_100neg_rlmrec_graphcl_official_qwen3base_same_candidate/tables/same_candidate_external_baseline_summary.csv,/home/ajifang/projects/pony-rec-rescue-shadow-v6/outputs/home_large10000_100neg_rlmrec_graphcl_official_qwen3base_same_candidate/tables/ranking_eval_records.csv,/home/ajifang/projects/pony-rec-rescue-shadow-v6/outputs/home_large10000_100neg_rlmrec_graphcl_official_qwen3base_same_candidate/scores.csv,outputs/baselines/official_adapters/home_large10000_100neg_rlmrec_graphcl_official_qwen3base_same_candidate,True,
home,5,llmesr_sasrec,official_baseline,same_schema_external_baseline,completed_result,0.0621,0.1163,0.2139,0.037993209299003045,0.055376101596196485,0.0797502336556021,0.05973705454852346,10000,101.0,1.0,10000,1010000,1010000,1010001,10000,server_final_evidence_audit,10001,/home/ajifang/projects/pony-rec-rescue-shadow-v6/outputs/home_large10000_100neg_llmesr_sasrec_official_qwen3base_same_candidate/tables/same_candidate_external_baseline_summary.csv,/home/ajifang/projects/pony-rec-rescue-shadow-v6/outputs/home_large10000_100neg_llmesr_sasrec_official_qwen3base_same_candidate/tables/ranking_eval_records.csv,/home/ajifang/projects/pony-rec-rescue-shadow-v6/outputs/home_large10000_100neg_llmesr_sasrec_official_qwen3base_same_candidate/scores.csv,outputs/baselines/official_adapters/home_large10000_100neg_llmesr_sasrec_official_qwen3base_same_candidate,True,
home,6,proex_profile,official_baseline,same_schema_external_baseline,completed_result,0.0606,0.1177,0.2296,0.03662857786324662,0.054867449700296195,0.08290060869107069,0.059333264912585115,10000,101.0,1.0,10000,1010000,1010000,1010001,10000,server_final_evidence_audit,10001,/home/ajifang/projects/pony-rec-rescue-shadow-v6/outputs/home_large10000_100neg_proex_profile_official_qwen3base_same_candidate/tables/same_candidate_external_baseline_summary.csv,/home/ajifang/projects/pony-rec-rescue-shadow-v6/outputs/home_large10000_100neg_proex_profile_official_qwen3base_same_candidate/tables/ranking_eval_records.csv,/home/ajifang/projects/pony-rec-rescue-shadow-v6/outputs/home_large10000_100neg_proex_profile_official_qwen3base_same_candidate/scores.csv,outputs/baselines/official_adapters/home_large10000_100neg_proex_profile_official_qwen3base_same_candidate,True,
home,7,llm2rec_sasrec,official_baseline,same_schema_external_baseline,completed_result,0.0577,0.1101,0.2153,0.034207889197971464,0.05094946457092548,0.07719596686909931,0.05638658593963179,10000,101.0,1.0,10000,1010000,1010000,1010001,10000,server_final_evidence_audit,10001,/home/ajifang/projects/pony-rec-rescue-shadow-v6/outputs/home_large10000_100neg_llm2rec_sasrec_official_qwen3base_same_candidate/tables/same_candidate_external_baseline_summary.csv,/home/ajifang/projects/pony-rec-rescue-shadow-v6/outputs/home_large10000_100neg_llm2rec_sasrec_official_qwen3base_same_candidate/tables/ranking_eval_records.csv,/home/ajifang/projects/pony-rec-rescue-shadow-v6/outputs/home_large10000_100neg_llm2rec_sasrec_official_qwen3base_same_candidate/scores.csv,outputs/baselines/official_adapters/home_large10000_100neg_llm2rec_sasrec_official_qwen3base_same_candidate,True,
home,8,promax_profile,official_baseline,same_schema_external_baseline,completed_result,0.0514,0.1019,0.2076,0.030788292596664168,0.046918087762152026,0.07326077825489297,0.053474908740382465,10000,101.0,1.0,10000,1010000,1010000,1010001,10000,server_final_evidence_audit,10001,/home/ajifang/projects/pony-rec-rescue-shadow-v6/outputs/home_large10000_100neg_promax_profile_official_qwen3base_same_candidate/tables/same_candidate_external_baseline_summary.csv,/home/ajifang/projects/pony-rec-rescue-shadow-v6/outputs/home_large10000_100neg_promax_profile_official_qwen3base_same_candidate/tables/ranking_eval_records.csv,/home/ajifang/projects/pony-rec-rescue-shadow-v6/outputs/home_large10000_100neg_promax_profile_official_qwen3base_same_candidate/scores.csv,outputs/baselines/official_adapters/home_large10000_100neg_promax_profile_official_qwen3base_same_candidate,True,
home,9,elmrec_graph,official_baseline,same_schema_external_baseline,completed_result,0.0509,0.1021,0.2018,0.029717257242599254,0.04604407419158871,0.0708856096588022,0.05195852255617441,10000,101.0,1.0,10000,1010000,1010000,1010001,10000,server_final_evidence_audit,10001,/home/ajifang/projects/pony-rec-rescue-shadow-v6/outputs/home_large10000_100neg_elmrec_graph_official_qwen3base_same_candidate/tables/same_candidate_external_baseline_summary.csv,/home/ajifang/projects/pony-rec-rescue-shadow-v6/outputs/home_large10000_100neg_elmrec_graph_official_qwen3base_same_candidate/tables/ranking_eval_records.csv,/home/ajifang/projects/pony-rec-rescue-shadow-v6/outputs/home_large10000_100neg_elmrec_graph_official_qwen3base_same_candidate/scores.csv,outputs/baselines/official_adapters/home_large10000_100neg_elmrec_graph_official_qwen3base_same_candidate,True,
tools,1,ccrp_v3_qwen3base_pointwise,internal_method,same_schema_internal_method,completed_result,0.1937,0.2696,0.3931,0.14186375906171483,0.16611553052793934,0.19703986741872317,0.15585924577949772,10000,101.0,1.0,10000,1010000,1010000,1010001,10000,file,10001,/home/ajifang/projects/pony-rec-rescue-shadow-v6/outputs/tools_large10000_100neg_ccrp_v3_qwen3base_pointwise_same_candidate/tables/same_candidate_external_baseline_summary.csv,/home/ajifang/projects/pony-rec-rescue-shadow-v6/outputs/tools_large10000_100neg_ccrp_v3_qwen3base_pointwise_same_candidate/tables/ranking_eval_records.csv,/home/ajifang/projects/pony-rec-rescue-shadow-v6/outputs/tools_large10000_100neg_ccrp_v3/scores.csv,,,True
tools,2,llmemb,official_baseline,same_schema_external_baseline,completed_result,0.1365,0.2257,0.3637,0.087457824217457,0.11594350972806679,0.15050644138929892,0.10649354669900822,10000,101.0,1.0,10000,1010000,1010000,1010001,10000,server_final_evidence_audit,10001,/home/ajifang/projects/pony-rec-rescue-shadow-v6/outputs/tools_large10000_100neg_llmemb_official_qwen3base_same_candidate/tables/same_candidate_external_baseline_summary.csv,/home/ajifang/projects/pony-rec-rescue-shadow-v6/outputs/tools_large10000_100neg_llmemb_official_qwen3base_same_candidate/tables/ranking_eval_records.csv,/home/ajifang/projects/pony-rec-rescue-shadow-v6/outputs/tools_large10000_100neg_llmemb_official_qwen3base_same_candidate/scores.csv,outputs/baselines/official_adapters/tools_large10000_100neg_llmemb_official_qwen3base_same_candidate,True,
tools,3,irllrec_intent,official_baseline,same_schema_external_baseline,completed_result,0.102,0.1651,0.3095,0.06504709833452535,0.08525707170530923,0.12100829406900945,0.08670154590435823,10000,101.0,1.0,10000,1010000,1010000,1010001,10000,server_final_evidence_audit,10001,/home/ajifang/projects/pony-rec-rescue-shadow-v6/outputs/tools_large10000_100neg_irllrec_intent_official_qwen3base_same_candidate/tables/same_candidate_external_baseline_summary.csv,/home/ajifang/projects/pony-rec-rescue-shadow-v6/outputs/tools_large10000_100neg_irllrec_intent_official_qwen3base_same_candidate/tables/ranking_eval_records.csv,/home/ajifang/projects/pony-rec-rescue-shadow-v6/outputs/tools_large10000_100neg_irllrec_intent_official_qwen3base_same_candidate/scores.csv,outputs/baselines/official_adapters/tools_large10000_100neg_irllrec_intent_official_qwen3base_same_candidate,True,
tools,4,llm2rec_sasrec,official_baseline,same_schema_external_baseline,completed_result,0.0957,0.1625,0.2954,0.060227320850546905,0.08147852827156639,0.11481218118869342,0.08101396652891538,10000,101.0,1.0,10000,1010000,1010000,1010001,10000,server_final_evidence_audit,10001,/home/ajifang/projects/pony-rec-rescue-shadow-v6/outputs/tools_large10000_100neg_llm2rec_sasrec_official_qwen3base_same_candidate/tables/same_candidate_external_baseline_summary.csv,/home/ajifang/projects/pony-rec-rescue-shadow-v6/outputs/tools_large10000_100neg_llm2rec_sasrec_official_qwen3base_same_candidate/tables/ranking_eval_records.csv,/home/ajifang/projects/pony-rec-rescue-shadow-v6/outputs/tools_large10000_100neg_llm2rec_sasrec_official_qwen3base_same_candidate/scores.csv,outputs/baselines/official_adapters/tools_large10000_100neg_llm2rec_sasrec_official_qwen3base_same_candidate,True,
tools,5,rlmrec_graphcl,official_baseline,same_schema_external_baseline,completed_result,0.0784,0.1354,0.2465,0.05017501611537314,0.06838865570840932,0.09599330874161652,0.07220064580885768,10000,101.0,1.0,10000,1010000,1010000,1010001,10000,server_final_evidence_audit,10001,/home/ajifang/projects/pony-rec-rescue-shadow-v6/outputs/tools_large10000_100neg_rlmrec_graphcl_official_qwen3base_same_candidate/tables/same_candidate_external_baseline_summary.csv,/home/ajifang/projects/pony-rec-rescue-shadow-v6/outputs/tools_large10000_100neg_rlmrec_graphcl_official_qwen3base_same_candidate/tables/ranking_eval_records.csv,/home/ajifang/projects/pony-rec-rescue-shadow-v6/outputs/tools_large10000_100neg_rlmrec_graphcl_official_qwen3base_same_candidate/scores.csv,outputs/baselines/official_adapters/tools_large10000_100neg_rlmrec_graphcl_official_qwen3base_same_candidate,True,
tools,6,llmesr_sasrec,official_baseline,same_schema_external_baseline,completed_result,0.0711,0.127,0.2219,0.042728964614829223,0.060602849768892623,0.08433244535733923,0.06334161303438132,10000,101.0,1.0,10000,1010000,1010000,1010001,10000,server_final_evidence_audit,10001,/home/ajifang/projects/pony-rec-rescue-shadow-v6/outputs/tools_large10000_100neg_llmesr_sasrec_official_qwen3base_same_candidate/tables/same_candidate_external_baseline_summary.csv,/home/ajifang/projects/pony-rec-rescue-shadow-v6/outputs/tools_large10000_100neg_llmesr_sasrec_official_qwen3base_same_candidate/tables/ranking_eval_records.csv,/home/ajifang/projects/pony-rec-rescue-shadow-v6/outputs/tools_large10000_100neg_llmesr_sasrec_official_qwen3base_same_candidate/scores.csv,outputs/baselines/official_adapters/tools_large10000_100neg_llmesr_sasrec_official_qwen3base_same_candidate,True,
tools,7,proex_profile,official_baseline,same_schema_external_baseline,completed_result,0.0602,0.1177,0.2329,0.037281705859706714,0.055676376797898205,0.08437492971571317,0.06071849976691817,10000,101.0,1.0,10000,1010000,1010000,1010001,10000,server_final_evidence_audit,10001,/home/ajifang/projects/pony-rec-rescue-shadow-v6/outputs/tools_large10000_100neg_proex_profile_official_qwen3base_same_candidate/tables/same_candidate_external_baseline_summary.csv,/home/ajifang/projects/pony-rec-rescue-shadow-v6/outputs/tools_large10000_100neg_proex_profile_official_qwen3base_same_candidate/tables/ranking_eval_records.csv,/home/ajifang/projects/pony-rec-rescue-shadow-v6/outputs/tools_large10000_100neg_proex_profile_official_qwen3base_same_candidate/scores.csv,outputs/baselines/official_adapters/tools_large10000_100neg_proex_profile_official_qwen3base_same_candidate,True,
tools,8,promax_profile,official_baseline,same_schema_external_baseline,completed_result,0.056,0.1046,0.2018,0.03468275603534166,0.05029722685396016,0.07458228366305956,0.056527355267188224,10000,101.0,1.0,10000,1010000,1010000,1010001,10000,server_final_evidence_audit,10001,/home/ajifang/projects/pony-rec-rescue-shadow-v6/outputs/tools_large10000_100neg_promax_profile_official_qwen3base_same_candidate/tables/same_candidate_external_baseline_summary.csv,/home/ajifang/projects/pony-rec-rescue-shadow-v6/outputs/tools_large10000_100neg_promax_profile_official_qwen3base_same_candidate/tables/ranking_eval_records.csv,/home/ajifang/projects/pony-rec-rescue-shadow-v6/outputs/tools_large10000_100neg_promax_profile_official_qwen3base_same_candidate/scores.csv,outputs/baselines/official_adapters/tools_large10000_100neg_promax_profile_official_qwen3base_same_candidate,True,
tools,9,elmrec_graph,official_baseline,same_schema_external_baseline,completed_result,0.0501,0.101,0.2101,0.029656030656687697,0.045870649973376774,0.07316592297455926,0.05237582779698271,10000,101.0,1.0,10000,1010000,1010000,1010001,10000,server_final_evidence_audit,10001,/home/ajifang/projects/pony-rec-rescue-shadow-v6/outputs/tools_large10000_100neg_elmrec_graph_official_qwen3base_same_candidate/tables/same_candidate_external_baseline_summary.csv,/home/ajifang/projects/pony-rec-rescue-shadow-v6/outputs/tools_large10000_100neg_elmrec_graph_official_qwen3base_same_candidate/tables/ranking_eval_records.csv,/home/ajifang/projects/pony-rec-rescue-shadow-v6/outputs/tools_large10000_100neg_elmrec_graph_official_qwen3base_same_candidate/scores.csv,outputs/baselines/official_adapters/tools_large10000_100neg_elmrec_graph_official_qwen3base_same_candidate,True,
